{"cameraMode":{"drawMode":0,"name":"Shaded","section":"Shading Mode"},"sceneLighting":false,"audioPlay":false,"sceneViewState":{"m_AlwaysRefresh":false,"showFog":true,"showSkybox":false,"showFlares":true,"showImageEffects":true,"showParticleSystems":true,"showVisualEffectGraphs":true,"m_FxEnabled":true},"in2DMode":false,"pivot":{"x":0.006329059600830078,"y":5.144806861877441,"z":-0.13137078285217286},"rotation":{"x":0.006242545321583748,"y":0.9733288884162903,"z":0.029354501515626909,"w":-0.22824908792972566},"size":5.639456748962402,"orthographic":false}