{"cameraMode":{"drawMode":0,"name":"Shaded","section":"Shading Mode"},"sceneLighting":true,"audioPlay":false,"sceneViewState":{"m_AlwaysRefresh":false,"showFog":true,"showSkybox":true,"showFlares":true,"showImageEffects":true,"showParticleSystems":true,"showVisualEffectGraphs":true,"m_FxEnabled":true},"in2DMode":false,"pivot":{"x":1.4906492233276368,"y":4.056685924530029,"z":-0.3692472577095032},"rotation":{"x":0.21862612664699555,"y":0.0587998703122139,"z":-0.013197697699069977,"w":0.9739688038825989},"size":3.382582187652588,"orthographic":false}