{"cameraMode":{"drawMode":0,"name":"Shaded","section":"Shading Mode"},"sceneLighting":true,"audioPlay":false,"sceneViewState":{"m_AlwaysRefresh":false,"showFog":true,"showSkybox":true,"showFlares":true,"showImageEffects":true,"showParticleSystems":true,"showVisualEffectGraphs":true,"m_FxEnabled":true},"in2DMode":false,"pivot":{"x":29.55548858642578,"y":1.0872963666915894,"z":-28.774038314819337},"rotation":{"x":-0.0002806904958561063,"y":-0.9958852529525757,"z":0.0159434974193573,"w":-0.09222590178251267},"size":12.990381240844727,"orthographic":false}