{"cameraMode":{"drawMode":0,"name":"Shaded","section":"Shading Mode"},"sceneLighting":true,"audioPlay":false,"sceneViewState":{"m_AlwaysRefresh":false,"showFog":true,"showSkybox":true,"showFlares":true,"showImageEffects":true,"showParticleSystems":true,"showVisualEffectGraphs":true,"m_FxEnabled":true},"in2DMode":false,"pivot":{"x":6.8372416496276859,"y":1.6455470323562623,"z":-1.5475387573242188},"rotation":{"x":0.1243741363286972,"y":-0.7183827757835388,"z":0.13208848237991334,"w":0.6719027757644653},"size":3.8697798252105715,"orthographic":false}