{"cameraMode":{"drawMode":0,"name":"Shaded","section":"Shading Mode"},"sceneLighting":false,"audioPlay":false,"sceneViewState":{"m_AlwaysRefresh":false,"showFog":true,"showSkybox":false,"showFlares":true,"showImageEffects":true,"showParticleSystems":true,"showVisualEffectGraphs":true,"m_FxEnabled":true},"in2DMode":false,"pivot":{"x":-0.11557531356811524,"y":4.920401096343994,"z":-0.24347233772277833},"rotation":{"x":0.12418083846569061,"y":0.8288648724555969,"z":-0.20306061208248139,"w":0.5065385699272156},"size":13.02001667022705,"orthographic":false}